{
    "His current band , Gigi , was formed in 1994 with Baron ( guitar ) , Thomas ( bass ) , Armand ( vocal ) and Ronald ( drum ) .": "O O O O B-ORG O O O O O O B-PER O O O O B-PER O O O O B-PER O O O O B-PER O O O O",
    "Since then , Gigi has released six albums .": "O O O B-PER O O O O O",
    "He has also released his own solo albums : Nusa Damai ; Gitarku ; Samsara ; and Home , a tribute album to the December 2004 tsunami victims .": "O O O O O O O O O B-ORG I-ORG O B-ORG O B-ORG O O B-MISC O O O O O O O O O O O",
    "Since Dewa Budjana started his professional career as a musician , he has mainly used a Parker Fly Delux as his main guitar , occasionally using Klein and Gibson guitars SG series instead .": "O B-PER I-PER O O O O O O O O O O O O O B-ORG I-ORG I-ORG O O O O O O O B-PER O B-ORG O B-ORG O O O",
    "Budjana also owns a double neck Klein guitar which was used on his latest album , Home , and pictured on the CD cover .": "B-PER O O O O O O O O O O O O O O O B-MISC O O O O O O O O",
    "For his rig , Dewa Budjana mainly uses Mesa Boogie rectifier and Carvin Legacy amplifier that are connected to the Line 6 Ax2 212 .": "O O O O B-PER I-PER O O B-ORG I-ORG O O B-ORG I-ORG O O O O O O B-ORG I-ORG I-ORG I-ORG O",
    "Diego Silang y Andaya ( December 16 , 1730 - May 28 , 1763 ) was raised as an Ilocano ; his father was Pangasinense .": "B-PER I-PER I-PER I-PER O O O O O O O O O O O O O O O B-ORG O O O O B-PER O",
    "He was a revolutionary leader who conspired with British forces to overthrow the Spanish in the northern Philippines and establish an independent Ilocano nation .": "O O O O O O O O B-MISC O O O O B-MISC O O B-LOC B-LOC O O O O B-LOC O O",
    "His revolt was fueled by grievances stemming from Spanish tributes and abuses , and his belief in self-government , that the administration and leadership of the Roman Catholic Church and government in the Ilocos Region ( which at this time did not include Pangasinan ) should be led by trained Ilocano officials .": "O O O O O O O O B-MISC O O O O O O O O O O O O O O O O O B-ORG I-ORG I-ORG O O O O B-ORG I-ORG O O O O O O O O B-LOC O O O O O O B-ORG O O",
    "Born in Aringay , Pangasinan ( an area in present-day Caba or Aringay , La Union ) , he worked as a messenger for a local Castilian priest in Vigan , Ilocos Sur .": "O O B-ORG O B-LOC O O O O O B-ORG O B-ORG O B-LOC I-LOC O O O O O O O O O O B-ORG O O B-LOC O B-ORG I-ORG O",
    "Bright , passionate and fluent in Spanish , he ferried correspondence from the Ilocos to Manila , journeys that gave him his first glimpse of colonial injustice and that planted the seeds of rebellion .": "B-PER O O O O O B-MISC O O O O O O B-LOC O B-LOC O O O O O O O O O O O O O O O O O O O",
    "Spain allied with France during the Seven Years ' War against Great Britain .": "B-LOC O O B-MISC O O B-MISC I-MISC I-MISC I-MISC O B-LOC B-LOC O",
    "In so doing , the British sought to diminish the Spanish Empire .": "O O O O O B-MISC O O O O B-MISC I-MISC O",
    "British naval forces took over Manila in October 1762 , that inspired uprisings in the farthest north of Ilocos Norte and Cagayan , where anti-Spanish sentiments festered .": "B-MISC O O O O B-LOC O O O O O O O O O O O O B-LOC I-LOC O B-LOC O O O O O O",
    "While Silang initially wanted to replace Spanish functionaries in the Ilocos with native officials , and volunteered to head Ilocano forces against the British , desperate Spanish administrators transferred their powers to the Catholic Bishop of Nueva Segovia ( Vigan ) who in turn rejected Silang 's call .": "O B-PER O O O O B-MISC O O O B-LOC O O O O O O O O B-ORG O O O B-MISC O O B-MISC O O O O O O B-MISC O B-ORG B-ORG O O O O O O O O B-ORG O O O",
    "Silang 's group attacked the city and imprisoned its priests .": "B-MISC O O O O O O O O O O",
    "He then began an association with the British who appointed him governor of the Ilocos on their behalf and promised him military reinforcement .": "O O O O O O O B-MISC O O O O O O B-ORG O O O O O O O O O",
    "The British force never materialized .": "O B-MISC O O O O",
    "He was killed by one of his friends , a Spanish-Ilocano mestizo named Miguel Vicos who was paid by church authorities to assassinate him .": "O O O O O O O O O O B-MISC O O B-PER I-PER O O O O O O O O O O",
    "After Diego Silang 's death , his wife , Josefa Gabriela , took over the revolt and fought courageously .": "O B-PER I-PER O O O O O O B-PER I-PER O O O O O O O O O",
    "A strong force was sent against her .": "O O O O O O O O",
    "She was forced to retreat to Abra .": "O O O O O O B-ORG O",
    "Riding a fast horse , Gabriela led her troops towards Vigan , but she was driven back .": "O O O O O B-PER O O O O B-ORG O O O O O O O",
    "She fled again to Abra , where she was captured .": "O O O O B-LOC O O O O O O",
    "On September 20 , 1763 , she and about 100 followers were executed by the Spanish authorities .": "O O O O O O O O O O O O O O O B-MISC O O",
    "Digby --- Annapolis is a provincial electoral district in Nova Scotia , Canada , that elects one member of the Nova Scotia House of Assembly .": "B-PER O B-LOC O O O O O O B-LOC I-LOC O B-LOC O O O O O O O B-LOC I-LOC B-ORG I-ORG I-ORG O",
    "The Member of the Legislative Assembly since 2003 has been Harold \" Junior \" Theriault of the Liberal Party of Nova Scotia .": "O O O O B-ORG I-ORG O O O O B-PER I-PER I-PER I-PER I-PER O O B-ORG I-ORG I-ORG O O O",
    "Digilogue is a music album of recordings which became the twentieth commercial release by the British avant-garde music group : zoviet*france : .": "B-ORG O O O O O O O O O O O O O O B-MISC O O O O B-ORG O O",
    "It was first released in 1996 in limited edition 12 inch clear vinyl album format by the US record label , Soleilmoon Recordings .": "O O O O O O O O O O O O O O O O O B-MISC O O O B-ORG I-ORG O",
    "Subsequently , a CD version was released in 1998 by Soleilmoon Recordings , with additional tracks .": "O O O O O O O O O O B-ORG I-ORG O O O O O",
    "The album 's title is an amalgamation of the words ' digital ' and ' analogue ' , two of the principal technologies that have been used in sound recording .": "O O O O O O O O O O O O O O O O O O O O O O O O O O O O O O O",
    "The group have been quoted as adopting the failings in these technologies as a production technique in the creation of the album : \" All audio equipment distorts sound to some degree and , eventually through mechanical and electrical failure , fucks it up .": "O O O O O O O O O O O O O O O O O O O O O O O O O O O O O O O O O O O O O O O O O O O O O",
    "Since indeterminacy as a compositional parameter has been a constant in our work , this often produces what we regard as interesting new developments .": "O O O O O O O O O O O O O O O O O O O O O O O O O",
    "digilogue was recorded using a mixture of failing analogue equipment and high-end digital equipment , and monitored in our studio exclusively on damaged hi-fi speakers .": "O O O O O O O O O O O O O O O O O O O O O O O O O O",
    "Sound can be as dirty and as clumsy as anything else we perceive with our senses .": "O O O O O O O O O O O O O O O O O",
    "This is just as true of sound generated in the digital domain , much as we would all like to believe the claims of near-perfection made by audio equipment manufacturers . \"": "O O O O O O O O O O O O O O O O O O O O O O O O O O O O O O O O",
    "\" We were using digital equipment to produce the music but in a very analogue way .": "O O O O O O O O O O O O O O O O O",
    "We were using sampling processes but in a very clumsy and coarse way . \"": "O O O O O O O O O O O O O O O",
    "Amber , from the CD version of the album , was used as the soundtrack to The Shop Floor , a video production by the artist Francis Gomila ( UK , 2003 ) .": "B-ORG O O O O O O O O O O O O O O O B-ORG I-ORG I-ORG O O O O O O O B-PER I-PER O B-LOC O O O O",
    "1996 edition": "O O",
    "Distance Records is a French dance music record label .": "B-ORG I-ORG O O B-MISC O O O O O",
    "Specialised in ambient , goa trance , house and techno .": "O O O O B-ORG O O O O O O",
    "This label has shut down , with the website going offline in 2004 .": "O O O O O O O O O O O O O O",
    "The island of Divar ( Divar-derived from the word Dipavati or ' small Island ' in Konkani ) lies in the state of Goa , India .": "O O O B-ORG O B-ORG O O O B-ORG O O B-ORG I-ORG O O B-LOC O O O O B-LOC I-LOC B-LOC O B-LOC O",
    "It is located approximately 10 km from Panaji ( Panjim ) , and is approachable by ferry .": "O O O O O O O B-LOC O B-LOC O O O O O O O O",
    "The Island is connected to Old Goa on the south-east side , Ribandar , on the south-west side and Narve on the north side , all by ferry .": "O B-LOC O O O B-LOC I-LOC O O O O O B-ORG O O O O O O B-ORG O O O O O O O O O",
    "A launch also connects Divar to the city of Panaji from further north-west , in the village of Vanxim .": "O O O O B-ORG O O O O B-LOC O O O O O O O O B-ORG O",
    "The Konkan Railway passes through the village and the nearest stop to the village is the train station at Karmali .": "O B-ORG I-ORG O O O O O O O O O O O O O O O O B-ORG O",
    "The drive to the village is scenic , with paddy fields and wooded hills lacing the roadway , very typical of the Goan countryside .": "O O O O O O O O O O O O O O O O O O O O O O B-LOC O O",
    "Though in a manner equally typical of modern Goa , of late the paddy fields lie fallow and overrun with weeds .": "O O O O O O O O B-LOC O O O O O O O O O O O O O",
    "The Island of Divar was a famous site of Hindu pilgrimage and hosted the the ancient temples of Shree Saptakoteshwar , Shree Ganesh and Shree Dwarkeshwar besides others .": "O B-MISC I-MISC I-MISC O O O O O B-MISC O O O O O O O O B-PER I-PER O B-PER I-PER O B-PER I-PER O O O",
    "These were irreversibly destroyed by Portuguese zealots in the 16th century in their drive for Christianisation of Goa .": "O O O O O B-MISC O O O O O O O O O B-MISC O B-LOC O",
    "The ancient site of Hindu pilgrimage is called Porne Tirth ( Old pilgrim spot-in Konkani ) even today .": "O O O O B-MISC O O O B-ORG I-ORG O O O O B-ORG O O O O",
    "Rui Gomez Pereira in his book Goan temples and deities writes , \" The original temple ( Of Shree Saptakoteshwar ) was constructed in the 12th century by the kings of Kadamba dynasty .": "B-PER I-PER I-PER O O O B-ORG O O O O O O O O O O B-ORG B-ORG O O O O O O O O O O O O B-ORG O O",
    "Shree Saptakoteshwar was the patron Deity of the Kadambas .": "B-PER I-PER O O O O O O B-ORG O",
    "It was destroyed by the sultan of the Deccan in the middle of the 14th century and reconstructed at the same locality by Madhav Mantri of Vijaynagar at the close of the same century .": "O O O O O O O O B-ORG O O O O O O O O O O O O O O B-PER I-PER O B-LOC O O O O O O O O",
    "It was again destroyed by the Portuguese in 1540 . \"": "O O O O O O B-MISC O O O O",
    "The Saptakoteshwar idol was shifted to Narve in Bicholim after the destruction of the temple by the Portuguese .": "O B-MISC O O O O B-ORG O B-ORG O O O O O O O O B-MISC O",
    "The present temple in Narve , Bicholim was rebuilt by ShivajiRaje Bhonsale the Great Maratha leader .": "O O O O B-ORG O B-ORG O O O B-PER I-PER O B-MISC B-ORG O O",
    "A Jesuit priest Fr Francisco Sousa documented the religious importance of \" Divar \" in his book Oriente Conquistado ( Conquest of the orient ) around the latter quarter of the 16th or early 17th century .": "O B-MISC O B-PER B-PER I-PER O O O O O O B-ORG O O O O B-ORG I-ORG O B-ORG I-ORG I-ORG I-ORG O O O O O O O O O O O O O",
    "Fr. Sousa testifies that \" Divar was as much venerated by the Hindu Brahmins as the Holy land by us , on account of a temple of many indulgences and pilgrimages. .. \" Rui Gomez Pereira details further stating , \" The linga of the temple , made of five metals - gold , silver , copper , iron and bronze \" was later relocated in Bicholim .": "B-PER I-PER O O O B-ORG O O O O O O B-MISC B-ORG O O B-MISC O O O O O O O O O O O O O O O O B-PER I-PER I-PER O O O O O O B-ORG O O O O O O O O O O O O O O O O O O O O O O O B-ORG O",
    "And on the foundations of the same temple a prayer and catechism house was constructed in 1563 , which was later transformed into the chapel of Our Lady of Cande laria . \"": "O O O O O O O O O O O O O O O O O O O O O O O O O O B-ORG O O O O O O",
    "The original inhabitants of this island were people who once lived in Old Goa but had to desert during a disastrous pest that greatly reduced the population of Old Goa .": "O O O O O O O O O O O O B-LOC I-LOC O O O O O O O O O O O O O O B-LOC I-LOC O",
    "Piedade , a small village is spread at the bottom of a small forested hillock on which there is the Church of Our Lady of Compassion .": "B-ORG O O O O O O O O O O O O O O O O O O O B-ORG I-ORG I-ORG I-ORG I-ORG I-ORG O",
    "The island is dotted with well maintained , elegant Portuguese villas .": "O O O O O O O O O B-MISC O O",
    "From the top of the hill , superb panoramic views of the surrounding countryside , including Old Goa , the capital of Goa , Panaji , the meandering Mandovi river , and the bridges across it can be seen .": "O O O O O O O O O O O O O O O O B-LOC I-LOC O O O B-LOC B-LOC O B-LOC O O O B-ORG O O O O O O O O O O O",
    "The famous Bonderam festival is celebrated in Divar on the fourth Saturday of August during the monsoon with great fanfare and attended by thousands of tourists and locals .": "O O B-ORG O O O O B-ORG O O O O O O O O O O O O O O O O O O O O O",
    "Bonderam Festival : The festival is a memoir to the dispute and the fury of the Villagers over the Portuguese system of resolving the disputes .": "B-ORG I-ORG O O O O O O O O O O O O O O B-ORG O O B-MISC O O O O O O",
    "The villagers on the Divar Island often indulged in some kind of fight over the matter of ownership of their lands .": "O O O O B-ORG I-ORG O O O O O O O O O O O O O O O O",
    "To stop the disputes the Portuguese , put up flags at the boundaries .": "O O O O O B-MISC O O O O O O O O",
    "The villagers did not like this system .": "O O O O O O O O",
    "So they protested against the Portuguese by throwing stones at the flags .": "O O O O O B-MISC O O O O O O O",
    "On this day a carnival ambience is created .": "O O O O O O O O O",
    "Each section of the village has a float at the parade .": "O O O O O O O O O O O O",
    "Melodious music could be heard throughout the village .": "O O O O O O O O O",
    "The gaily colored floats accompanied by colorfully dressed youngsters make a pretty picture .": "O O O O O O O O O O O O O O",
    "The huge bell which today adorns the Se Cathedral in Old Goa was originally donated by the master of a sinking ship who 'd made a vow that , were he to survive his fate , he would donate the ship 's bell to the first church village , town , or city his vessel touched .": "O O O O O O O B-ORG I-ORG O B-LOC I-LOC O O O O O O O O O O O O O O O O O O O O O O O O O O O O O O O O O O O O O O O O O O O O O",
    "It so happened that that island was Divar .": "O O O O O O O B-ORG O",
    "In keeping with his promise , he donated the bell to the church of Divar , which is located on a high hillock .": "O O O O O O O O O O O O O O B-ORG O O O O O O O O O",
    "Unfortunately though , every time the bell was struck , it shattered the windows of the church and the houses in the vicinity , so a deal was struck and the bell was exchanged with that of the Se Cathedral .": "O O O O O O O O O O O O O O O O O O O O O O O O O O O O O O O O O O O O O O B-ORG I-ORG O",
    "Dorothea von Schlegel ( n\u00e9e Brende Mendelssohn ) ( October 24 1764 - August 3 1839 ) was a German novelist and translator .": "B-PER I-PER I-PER O O B-PER I-PER O O O O O O O O O O O O B-MISC O O O O",
    "Dorothea von Schlegel was born in 1764 in Berlin [1 ] .": "B-PER I-PER I-PER O O O O O B-LOC O O O",
    "Oldest daughter of the philosopher Moses Mendelssohn , a leading figure in the German Enlightenment ( Aufklarung ) .": "O O O O O B-PER I-PER O O O O O O B-MISC O O B-ORG O O",
    "She married the merchant and banker Simon Veit in 1783 .": "O O O O O O B-PER I-PER O O O",
    "Their son , Philipp Veit , would later become part of a circle of German Christian painters called \" the Nazarenes , \" who influenced the later English painters in the Pre-Raphaelite Brotherhood .": "O O O B-PER I-PER O O O O O O O O O B-MISC I-MISC O O O O B-ORG O O O O O O B-MISC O O O B-ORG I-ORG O",
    "She met the poet and critic Friedrich von Schlegel in the salon of her friend Henriette Herz , after which she left her husband .": "O O O O O O B-PER I-PER I-PER O O O O O O B-PER I-PER O O O O O O O O",
    "They were divorced in 1799 .": "O O O O O O",
    "She obtained custody of her younger son , Phillip , and lived with him at the Ziegelstra\u00dfe , which became a salon frequented by Tieck , Schelling , the Schlegel brothers , and Novalis .": "O O O O O O O O B-PER O O O O O O O B-ORG O O O O O O O O O O O O O O O O O O",
    "Schlegel 's novel \" Lucinde \" ( 1799 ) was seen as an account of their affair , causing a scandal in German literary circles .": "B-PER O O O B-ORG O O O O O O O O O O O O O O O O O B-MISC O O O",
    "In 1801 her novel \" Florentin \" was published anonymously by Schlegel .": "O O O O O B-PER O O O O O B-PER O",
    "They lived in Paris from 1802 until 1804 , and after her divorce they married as Protestants .": "O O O B-LOC O O O O O O O O O O O O B-MISC O",
    "In 1807lt she translated \" Corinne \" by Madame de Sta\u00eb from the French .": "O O O O O B-ORG O O B-PER I-PER I-PER O O B-MISC O",
    "In 1808 , Friedrich and Dorothea converted to Catholicism .": "O O O B-PER O B-PER O O O O",
    "( She may have adopted the name \" Dorothea \" from a 17th century Dorothea von Schlegel who composed Catholic hymns ) .": "O O O O O O O O B-ORG O O O O O B-PER I-PER I-PER O O B-MISC O O O",
    "They continued to visit the salons of Rahel Levin and Henriette Herz , as well as the constellation which surrounded Madame de Sta\u00eb .": "O O O O O O O B-PER I-PER O B-PER I-PER O O O O O O O O B-PER I-PER I-PER O",
    "Friedrich died in 1829 , after which she moved to Frankfurt am Main .": "B-PER O O O O O O O O O B-LOC I-LOC I-LOC O",
    "There , she lived with her son Philipp ( also a convert to a medieval style of Catholicism ) until her death in 1839 .": "O O O O O O O B-PER O O O O O O O O O O O O O O O O O",
    "Since she was the daughter of the greatest Jewish philosopher of the Enlightenment - Moses Mendelssohn - ( of equal stature with Immanuel Kant , and translator of John Locke and Alexander Pope , as well as Hebrew scriptures into German ) , Dorothea was surrounded throughout her life by the leading poets , critics , musicians , novelists , and philosophers of Europe .": "O O O O O O O O B-MISC O O O B-MISC O B-PER I-PER O O O O O O B-PER I-PER O O O O B-PER I-PER O B-PER I-PER O O O O B-MISC O O B-LOC O O B-PER O O O O O O O O O O O O O O O O O O O B-LOC O",
    "Gotthold Ephraim Lessing was her father 's closest friend and colleague , and the Emancipation and secularization of the Jews and Jewish culture was a direct outcome of their work .": "B-PER I-PER I-PER O O O O O O O O O O O B-MISC O O O O B-MISC O B-MISC O O O O O O O O O",
    "( Mendelssohn was the model for Nathan der Weise in Lessing 's play of the same name . )": "O B-PER O O O O B-PER I-PER I-PER O B-ORG O O O O O O O O",
    "Friedrich the Great was Lessing 's patron , and he extended royal protection and sponsorship to Mendelssohn , as well .": "B-PER I-PER I-PER O B-ORG O O O O O O O O O O O O O O O O",
    "Dorothea 's brother , Joseph , was a friend and sponsor of Alexander von Humboldt , the great naturalist and ethnologist .": "B-PER O O O B-PER O O O O O O O B-PER I-PER I-PER O O O O O O O",
    "Her nephew was Felix Mendelssohn , the composer , who with his sister , Fanny , were considered nearly the equals of the Mozarts as child prodigies .": "O O O B-PER I-PER O O O O O O O O O B-PER O O O O O O O O B-ORG O O O O",
    "To fully appreciate the importance of this cultural scene , see the entries for Moses Mendelssohn , Gotthold Ephraim Lessing , Friedrich Schlegel , Germaine de Sta\u00eb , Felix Mendelssohn , Ludwi Tieck , Novalis , and others .": "O O O O O O O O O O O O O O B-PER I-PER O B-PER I-PER I-PER O B-PER I-PER O B-PER I-PER I-PER O B-PER I-PER O B-PER I-PER O B-PER O O O O",
    "Dorothea was the common link or nexus among them all .": "B-ORG O O O O O O O O O O",
    "Most of her work , letters , biographies , etc. seem to be available only in German .": "O O O O O O O O O O O O O O O O B-MISC O",
    "And there , with the legacy of the Holocaust , she would seem to have an ambiguous status .": "O O O O O O O O B-MISC O O O O O O O O O O",
    "The emancipation of European Jewry , in which she and her family played the greatest imaginable role , became the main target of the Third Reich and its Nuremberg Laws .": "O O O B-MISC I-MISC O O O O O O O O O O O O O O O O O O O B-MISC I-MISC O O B-ORG O O",
    "For some Jews , she may be a less than admirable figure as well , having left her Jewish husband , violated her divorce settlement , and converted first to Protestantism ( which was favorable towards Judaism ) , and finally to Catholicism ( which was not ) .": "O O B-MISC O O O O O O O O O O O O O O O B-MISC O O O O O O O O O O O B-MISC O O O O O B-MISC O O O O O B-ORG O O O O O O",
    "Most of her later friends were Christians , assimilated or intermarried Jews ( like Rahel Levin ) , or secular Deists and materialists .": "O O O O O O O O O O O O O O B-PER I-PER O O O O B-MISC O O O",
    "Her association with Germaine de Sta\u00eb was obviously of the greatest importance , since she was also the patron and literary companion of Dorothea 's second husband , Friedrich Schlegel .": "O O O B-PER I-PER I-PER O O O O O O O O O O O O O O O O O B-PER O O O O B-PER I-PER O",
    "De Sta\u00eb was the daughter of Jacques Necker , Louis XVI 's finance minister , and a leading figure in the collapse of the Bourbons and the French Revolution .": "B-PER I-PER O O O O B-PER I-PER O B-PER I-PER O O O O O O O O O O O O O B-ORG O O B-MISC I-MISC O",
    "( See Christopher Herrold 's \" Mistress to an Age . \" )": "O O B-PER I-PER O O O O O O O O O",
    "It was probably through de Sta\u00eb 's husband , a Swedish Count , that the Schlegel 's were granted a title of nobility in the Swedish court .": "O O O O O O O O O O B-MISC O O O O B-ORG O O O O O O O O O B-MISC O O",
    "[ 1 ] In older literature and on her gravestone one finds the date 1763 , but this is the birthyear of her older sister Sara ( May 23rd 1763-April 15 1764 ) whose untimely death was one of the reasons Moses Mendelssohn wrote the Phaedon .": "O O O O O O O O O O O O O O O O O O O O O O O O O B-PER O O O O O O O O O O O O O O O B-PER I-PER O O B-ORG O",
    "( Alexander Altmann , Moses Mendelssohn , London 1973 , Moses Mendelssohn , Jubilaeumsausgabe , Bd .": "O B-PER I-PER O B-PER I-PER O B-LOC O O B-PER I-PER O B-PER O B-ORG O",
    "12,1 , S .": "O O B-ORG O",
    "43 ; letter to Thomas Abbt , May 1st 1764 )": "O O O O B-PER I-PER O O O O O",
    "Dreams From A Dirt Nap is a compilation album by the band The Newlydeads containing 18 songs recorded between the years 1997 and 2001 .": "O O B-MISC I-MISC I-MISC O O O O O O O B-MISC B-ORG O O O O O O O O O O O",
    "Stylistically , the tracks range from industrial metal to goth and electronica .": "O O O O O O O O O O O O O",
    "In addition to a number of original songs , the album includes a cover of Siouxsie 's Cities in Dust .": "O O O O O O O O O O O O O O O B-LOC O B-MISC O O O",
    "Duane Bobick ( born 24 August , 1950 in Little Falls , Minnesota ) was a boxer from the United States , who became world amateur heavyweight champion in 1971 , and also won the gold medal at the 1971 Pan American Games .": "B-PER I-PER O O O O O O O B-LOC I-LOC O B-LOC O O O O O O B-LOC I-LOC O O O O O O O O O O O O O O O O O O O B-ORG O O O",
    "He fought for the United States at the 1972 Summer Olympics in Munich , West Germany , and later contended for the world heavyweight belt during the division 's most highly rated era .": "O O O O B-MISC I-MISC O O O O O O B-LOC O B-LOC I-LOC O O O O O O O O O O O O O O O O O O",
    "Bobick 's younger brother Rodney Bobick was also a heavyweight boxer , though less successful , and died in a single car crash in 1977 .": "O O O O B-PER I-PER O O O O O O O O O O O O O O O O O O O O",
    "Six foot , three inches tall and 215 pounds in his prime , Bobick was part of a boxing family and grew up with the sport in the 1960s .": "O O O O O O O O O O O O O B-PER O O O O O O O O O O O O O O O O",
    "A tremendous puncher who developed well early by virtue of countless hours in the gym and ring , Bobick had an outstanding amateur career that included a win over Cuba 's famous Te\u00f3fil Stevenson at the 197 Pan American Games .": "O O O O O O O O O O O O O O O O O O B-PER O O O O O O O O O O B-LOC O O B-PER I-PER O O B-ORG B-ORG O O O",
    "Bobick added another future champion to his list when he beat Larry Holmes to be named to the 1972 U.S. Olympic boxing team for the Munich Olympics .": "B-PER O O O O O O O O O O B-PER I-PER O O O O O O B-MISC I-MISC O O O O B-ORG O O",
    "Bobick was rated a star at this early stage , and may have been very overconfident as he met Stevenson again during the Olympic trials .": "B-PER O O O O O O O O O O O O O O O O O O B-PER O O O B-MISC O O",
    "Despite Bobick winning the second round , Stevenson knocked Bobick down in the third and the contest was stopped .": "O B-PER O O O O O B-PER O B-PER O O O O O O O O O O",
    "Bobick trained hard to start his pro career , which did not begin until the following spring , 1973 .": "B-PER O O O O O O O O O O O O O O O O O O O",
    "Bobick trained with and was managed by heavyweight legend Joe Frazier .": "B-ORG O O O O O O O O B-PER I-PER O",
    "Bobick 's first match was against Tommy Burns .": "B-PER O O O O O B-PER I-PER O",
    "He sent Burns to the canvas four times on his way to a first-round KO .": "O O B-PER O O O O O O O O O O O O O",
    "Bobick had 14 other fights in 1973 , winning them all by KO , including a win over former contender Manuel Ramos .": "B-PER O O O O O O O O O O O O O O O O O O O B-PER I-PER O",
    "Bobick won his first 19 fights by knockout .": "B-PER O O O O O O O O",
    "He had 10 more fights in 1974 , winning them all again , eight by KO .": "O O O O O O O O O O O O O O O B-ORG O",
    "Knockout wins that year included Ted Gullick and future champion Mike Weaver .": "O O O O O B-PER I-PER O O O B-PER I-PER O",
    "He also decisioned veteran boxer Billy Daniels .": "O O O O O B-PER I-PER O",
    "Bobick was now 25-0 with 23 KOs .": "B-PER O O O O O B-MISC O",
    "He was then rated by many to be the sport 's new \" White Hope , \" taking that label from then-declining Jerry Quarry .": "O O O O O O O O O O O O O B-ORG I-ORG O O O O O O O B-PER I-PER O",
    "Frazier himself was approaching retirement and focusing on upcoming paydays with protege Bobick .": "B-PER O O O O O O O O O O O B-PER O",
    "Bobick gained top-10 ranking in 1975 with eight more fights and wins , all again by KO .": "B-PER O O O O O O O O O O O O O O O B-ORG O",
    "He was now being dodged by some , but a win over Randy Neumann proved he could not be ignored .": "O O O O O O O O O O O O B-PER I-PER O O O O O O O",
    "He had a tentative contract with Muhammed Ali in 1976 , but the fight never materialized .": "O O O O O O B-PER I-PER O O O O O O O O O",
    "Instead he met and defeated Larry Middleton , fellow Minnesotan Scott LeDoux , Bunny Johnson and Chuck Wepner among his five 1976 fights , all wins with two KOs .": "O O O O O B-PER I-PER O O B-LOC B-PER I-PER O B-PER I-PER O B-PER I-PER O O O O O O O O O O B-ORG O",
    "Bobick had now improved enough as a boxer to be a legitimate title threat .": "B-PER O O O O O O O O O O O O O O",
    "He took a 38-0 record with 34 KO 's into the ring against powerful former champion Ken Norton in May 1977 .": "O O O O O O O O O O O O O O O O B-PER I-PER O O O O",
    "The two punchers went right after each other .": "O O O O O O O O O",
    "Norton connected first and very hard .": "B-PER O O O O O O",
    "Following up on the staggered Bobick , Norton also landed a hard punch to Bobick 's windpipe but was never penalized .": "O O O O O B-PER O B-PER O O O O O O B-PER O O O O O O O",
    "The fight lasted just one minute before Bobick was counted out .": "O O O O O O O B-PER O O O O",
    "Bobick was widely criticized after the Norton match and dismissed by many .": "B-PER O O O O O B-ORG O O O O O O",
    "Saturday Night Live made fun of Bobick by showing footage of his Nationally televised knockout loss , over and over again .": "B-MISC I-MISC I-MISC O O O B-PER O O O O O B-MISC O O O O O O O O O",
    "Despite that , he was back in the ring two months later , winning a rematch with Scott LeDoux .": "O O O O O O O O O O O O O O O O O B-PER I-PER O",
    "He finished the year 1977 40-1 with 36 KO's .": "O O O O O O O O O O",
    "In 1978 , he was upset by South African puncher Kallie Knoetze for his second KO loss .": "O O O O O O O B-MISC I-MISC O B-PER I-PER O O O O O O",
    "He fought eight more times against second-tier fighters in 1978 , winning all by KO .": "O O O O O O O O O O O O O O B-ORG O",
    "He was looking to return to top-level contention in 1979 when he was KO 'd by future beltholder John Tate .": "O O O O O O O O O O O O O O O O O O B-PER I-PER O",
    "Another KO loss to George Chaplin that year led to an announcement of retirement .": "O B-ORG O O B-PER I-PER O O O O O O O O O",
    "His pro record was 48-4 with 42 KOs with wins over several notable contenders .": "O O O O O O O B-ORG O O O O O O O",
    "All four of his pro losses were by KO .": "O O O O O O O O B-ORG O",
    "Bobick returned to Minnesota and took heavy industry work before a machine accident nearly killed him in 1997 .": "B-PER O O B-LOC O O O O O O O O O O O O O O O",
    "After that he went into coaching and public speaking , using his still-present celebrity to encourage and help others .": "O O O O O O O O O O O O O O O O O O O O",
    "In November 2006 , Bobick was elected as a city councilman for the City of Little Falls , Minnesota .": "O O O O B-PER O O O O O O O O B-LOC I-LOC I-LOC I-LOC O B-LOC O",
    "Bobick also tried his hand at acting as , naturally , a boxer in Billy boy in 1979 .": "B-PER O O O O O O O O O O O O O B-PER O O O O",
    "His brother Rodney also was a professional boxer with a 37-7 record .": "O O B-PER O O O O O O O O O O",
    "A Dutch-Australian is an inhabitant of Australia with full or partial Dutch ancestry , the majority of these people were part of the Dutch diaspora .": "O B-MISC O O O O B-LOC O O O O B-MISC O O O O O O O O O O O B-MISC O O",
    "The history of the Dutch and Australia began in 1605 with Captain Willem Janszoon , a Dutch seafarer , landing on the Australian mainland , one of the first Europeans to do so .": "O O O O B-MISC O B-LOC O O O O O B-PER I-PER O O B-MISC O O O O O B-LOC O O O O O O B-MISC O O O O",
    "A number of Dutch people from the Dutch East Indies ( now Indonesia ) found their way to Australia during World War II and fought with Allied forces .": "O O O B-MISC O O O B-LOC I-LOC I-LOC O O B-LOC O O O O O B-LOC O B-MISC I-MISC I-MISC O O O B-MISC O O",
    "The Netherlands East Indies government operated from Australia during the war .": "O B-LOC I-LOC O O O O B-LOC O O O O",
    "Eleven Free Dutch Submarines operated out of Fremantle after the invasion of Java , the joint No. 18 ( Netherlands East Indies ) Squadron RAAF , established in 1942 and No. 120 formed at Canberra , was a combined Dutch and Australian Squadron with dual command , it used B-25 Mitchell bombers , paid for by the Dutch Government before the war .": "B-MISC I-MISC I-MISC I-MISC O O O B-LOC O O O O B-LOC O O O O B-ORG O B-LOC I-LOC I-LOC O O B-ORG O O O O O O B-ORG O O B-LOC O O O O B-ORG O B-ORG O O O O O O O B-ORG I-ORG O O O O O O B-LOC O O O O O",
    "No. 18 later moved to northern Australia , No. 120 to Western Australia and later transferring overseas ..": "O B-ORG O O O B-LOC B-LOC O O B-ORG O B-LOC I-LOC O O O O O",
    "Dutch settlers in Australia arrived as part of Australia 's post World War II assisted migration program , and from Indonesia after it achieved independence .": "B-MISC O O B-LOC O O O O B-LOC O O B-MISC I-MISC I-MISC O O O O O O B-LOC O O O O O",
    "According to the 2006 Australian Census , 310,089 persons resident in Australia claimed Dutch ancestry , either alone or in combination with another ancestry .": "O O O O B-LOC O O B-ORG O O O B-LOC O B-MISC O O O O O O O O O O O",
    "78,931 persons declared they were born in the Netherlands .": "O O O O O O O O B-LOC O",
    "The East Germany national handball team was the national handball team of the East Germany .": "O B-LOC I-LOC O O O O O O O O O O B-LOC I-LOC O",
    "Eberhard Faber GmbH was founded in 1922 in Neumarkt , near Nuremberg , Germany , as a pencil factory .": "B-PER I-PER O O O O O O B-LOC O O B-LOC O B-LOC O O O O O O",
    "It was taken over in 1978 by Staedtler , a stationery company with global presence .": "O O O O O O O B-ORG O O O O O O O O",
    "Eberhard Faber is a brand of pencils .": "B-ORG O O O O O O O",
    "Eberhard Faber 's popular US writing pencil operations were acquired by Faber-Castell USA in 1994 before being bought by Newell ( Sanford ) and eventually rolled into the Paper Mate brand .": "B-PER I-PER O O B-MISC O O O O O O O O O O O O O O O O B-LOC O O O O O O B-ORG I-ORG O O",
    "Currently , Eberhard Faber also produces FIMO , Efaplast and Aquasoft modelling clay , which are products used in the Hobby & Crafts market , in kindergartens , schools and by artists .": "O O B-PER I-PER O O B-ORG O B-ORG O B-ORG O O O O O O O O O B-MISC O O O O O B-ORG O O O O O O",
    "Henry Eberhard Faber is the namesake for both the college in Animal House and the character Faber in Fahrenheit 451 .": "B-PER I-PER I-PER O O O O O O O O B-ORG O O O O O O B-ORG O O",
    "Count Anton Wolfgang von Faber-Castell had his pencil durability test published in The Economist magazine for the March 3rd 2007 issue .": "O B-PER I-PER I-PER I-PER O O O O O O O B-ORG I-ORG O O O O O O O O",
    "In this test he threw 144 pencils from the 30 meter tower of his Schloss and not one broke .": "O O O O O O O O O O O O O O B-ORG O O O O O",
    "The Count boasts lesser pencils will break but his graphite is very tightly bound to its pinewood sleeve .": "O B-MISC O O O O O O O O O O O O O O O O O",
    "Descendant Eberhard Faber V was a founding member of the band God Street Wine .": "O B-PER I-PER I-PER O O O O O O O B-ORG I-ORG I-ORG O",
    "The VI was born 9/23/06 .": "O B-ORG O O O O",
    "Eduard Hitzig ( February 6 , 1839 - August 20 , 1907 ) was a German neuropsychiatrist from Berlin .": "B-PER I-PER O O O O O O O O O O O O O B-MISC O O B-LOC O",
    "He studied medicine in Berlin and W\u00fcrzburg .": "O O O O B-LOC O B-LOC O",
    "He had as instructors , famous men such as Emil Du Bois-Reymond ( 1818-1896 ) , Rudolf Virchow ( 1821-1902 ) , Moritz Heinrich Romberg ( 1795-1873 ) and Karl Friedrich Otto Westphal ( 1833-1890 ) .": "O O O O O O O O O B-PER I-PER I-PER O O O O B-PER I-PER O O O O B-PER I-PER I-PER O O O O B-PER I-PER I-PER I-PER O O O O",
    "He received his doctorate in 1862 , and subsequently practiced medicine in Berlin and W\u00fcrzburg .": "O O O O O O O O O O O O B-LOC O B-LOC O",
    "In 1875 he became director of the Burgh\u00f6lzli asylum , as well as professor of psychiatry at the University of Zurich .": "O O O O O O O B-ORG O O O O O O O O O O B-ORG I-ORG I-ORG O",
    "In 1885 Hitzig became a professor at the University of Halle , where he remained until his retirement in 1903 .": "O O B-PER O O O O O B-ORG I-ORG I-ORG O O O O O O O O O O",
    "Hitzig is remembered for his work concerning the interaction between electrical current and the brain .": "B-PER O O O O O O O O O O O O O O O",
    "In 1870 , Hitzig assisted by anatomist Gustav Fritsch ( 1837-1927 ) , applied electricity via a thin probe to the exposed cerebral cortex of a dog without anesthesia .": "O O O B-PER O O O B-PER I-PER O O O O O O O O O O O O O O O O O O O O O",
    "They performed these studies at the home of Fritsch because the University of Berlin would not allow such experimentation in their laboratories .": "O O O O O O O O B-ORG O O B-ORG I-ORG I-ORG O O O O O O O O O",
    "What Hitzig and Fritsch had discovered is that electrical stimulation of different areas of the cerebrum caused involuntary muscular contractions of specific parts of the dog 's body .": "O O O B-PER O O O O O O O O O O O O O O O O O O O O O O O O O",
    "They identified the brains ' \" motor strip \" which is a vertical strip of brain tissue on the cerebrum in the back of the frontal lobe which controls different muscles in the body .": "O O O O O O O O O O O O O O O O O O O O O O O O O O O O O O O O O O O",
    "In 1870 Hitzig published his findings in an essay called \" On the Electrical Excitability of the Cerebrum \" . This experimentation was considered the first time anyone had done any \" localized study \" regarding the brain and electrical current .": "O O B-PER O O O O O O O O O O O O O O B-ORG O O O O O O O O O O O O O O O O O O O O O O O O",
    "However this was not the first time Hitzig had experienced the interaction between the brain and electricity ; earlier in his career as a physician working with the Prussian Army he experimented on wounded soldiers whose skulls were fractured by bullets .": "O O O O O O O B-PER O O O O O O O O O O O O O O O O O O O O B-ORG I-ORG O O O O O O O O O O O O",
    "Hitzig noticed that applying a small electrical current to the brains of these soldiers caused involuntary muscular movement .": "B-PER O O O O O O O O O O O O O O O O O O",
    "Apparently Hitzig 's crude experimentation was inspired by work of 18th century physicist Luigi Galvani who noticed this same electrical phenomena on the brains of frogs .": "O B-ORG O O O O O O O O O O O B-PER I-PER O O O O O O O O O O O O",
    "Hitzig and Fritsch 's work opened the door to further \" localized testing \" of the brain by many others including Scottish neurologist , David Ferrier .": "O O O O O O O O O O O O O O O O O O O O O B-LOC O O B-PER I-PER O",
    "Google Ask.com": "B-ORG O",
    "Ein Lied von Liebe und Tod ( English : \" A Song of Love and Death \" ) ( 1999 ) is a German and Hungarian co-production , filmed in German and starring German and Hungarian actors from various countries .": "B-MISC I-MISC O O O B-PER O O O O O O O O O O O O O O O O O B-MISC O B-MISC O O O O B-MISC O O B-MISC O B-MISC O O O O O",
    "Its Hungarian title is Szomor\u00fa Vas\u00e1rnap .": "O B-MISC O O B-PER I-PER O",
    "Although the movie centers on a romantic love triangle with tragic consequences , it has a strong history background , set in World War II Hungary .": "O O O O O O O O O O O O O O O O O O O O O O B-MISC I-MISC I-MISC I-MISC O",
    "The film is based on the novel by Nick Barkow , co-written and directed by Rolf Sch\u00fcbel and tells a fictional story about the creation of the infamous song Gloomy Sunday .": "O O O O O O O O B-PER I-PER O O O O O B-PER I-PER O O O O O O O O O O O O B-ORG I-ORG O",
    "Starring are Joachim Kr\u00f3l ( L\u00e1szl\u00f3 , Jewish restaurant owner ) , Erika Marozs\u00e1n ( Ilona , waitress and L\u00e1szl\u00f3 's lover ) , Stefano Dionisi ( Andr\u00e1s , pianist who creates Gloomy Sunday ) and Ben Becker ( Hans Wieck , a German business man who becomes an SS officer ) .": "O O B-PER I-PER O B-PER O B-MISC O O O O B-PER I-PER O B-PER O O O B-PER O O O O B-PER I-PER O B-PER O O O O B-ORG I-ORG O O B-PER I-PER O B-PER I-PER O O B-MISC O O O O O B-ORG O O O",
    "In the late 1930s in Budapest the restaurant owner L\u00e1szl\u00f3 hires the pianist Andr\u00e1s to play in his restaurant .": "O O O O O B-LOC O O O B-PER O O O B-PER O O O O O O",
    "Andr\u00e1s falls in love with L\u00e1szl\u00f3 's lover and beautiful waitress Ilona who inspires Andr\u00e1s to write his only composition .": "B-PER O O O O B-PER O O O O O B-PER O O B-PER O O O O O O",
    "The resulting song Gloomy Sunday ( German translation : Trauriger Sonntag ) is at first loved and then feared by the public , for its melancholic melody triggers off a chain of suicides .": "O O O B-MISC I-MISC O B-MISC O O B-ORG O O O O O O O O O O O O O O O O O O O O O O O O",
    "For a while Ilona lives in harmony with both men .": "O O O B-PER O O O O O O O",
    "The German businessman Hans is a regular patron at the restaurant ; equally , he falls in love with Ilona but she rejects him .": "O B-MISC O B-PER O O O O O O O O O O O O O O O B-PER O O O O O",
    "He tries to commit suicide by jumping into a river , but L\u00e1szl\u00f3 saves him and Hans returns to Germany .": "O O O O O O O O O O O O B-PER O O O B-PER O O B-LOC O",
    "After a few years Nazi Germany captures Budapest and Hans returns .": "O O O O B-MISC I-MISC O B-LOC O B-PER O O",
    "He is now an SS officer and responsible for organizing the transport of Budapest 's Jews to the concentration camps ; however , he uses his position to save the wealthiest Jews ( and allows them to secretly leave German Europe ) in exchange for large \" gifts \" of goods and money .": "O O O O B-ORG O O O O O O O O B-LOC O O O O O O O O O O O O O O O O O B-MISC O O O O O O O B-LOC O O O O O O O O O O O O O O",
    "Ilona does all she can to save L\u00e1szl\u00f3 from deportation , but Hans is punishing her for his past rejection .": "B-PER O O O O O O B-PER O O O O B-PER O O O O O O O O",
    "Many years later they see each other again ...": "O O O O O O O O O",
    "Electric Avenue in Brixton , London , gets its name from being the first electrified shopping area in London .": "B-ORG I-ORG O B-LOC O B-LOC O O O O O O O O O O O O B-LOC O",
    "The street was built in the 1880s and now hosts Brixton Market , selling a mix of African , Caribbean , English , Portuguese and Chinese products .": "O O O O O O O O O O B-ORG I-ORG O O O O O B-MISC O B-MISC O B-MISC O B-MISC O B-MISC O O",
    "It is located just round the corner from Brixton tube station ( 1972 ) .": "O O O O O O O O B-LOC O O O O O O",
    "The elegant Victorian canopies over the pavements survived until the 1980s .": "O O B-MISC O O O O O O O O O",
    "The road gave its name to the song by Eddy Grant .": "O O O O O O O O O B-PER I-PER O",
    "In April 1999 , a homemade nail bomb exploded in the market , injuring 48 people , including a security guard who was trying to move disbelieving shoppers and a 14-year-old boy who picked the bomb up and carried it away from the crowds .": "O O O O O O O O O O O O O O O O O O O O O O O O O O O O O O O O O O O O O O O O O O O O O",
    "The bomb was one of three detonated by far-right extremist David Copeland in attacks aimed at London 's black , Asian , and gay communities .": "O O O O O O O O O O B-PER I-PER O O O O B-LOC O O O B-MISC O O O O O",
    "Elias Howell ( 1792 - May 1844 ) was a United States Representative from Ohio .": "B-PER I-PER O O O O O O O O B-MISC O O O B-LOC O",
    "Born in New Jersey in 1792 , he attended the public schools and in 1819 moved to Newark , Ohio .": "O O B-LOC I-LOC O O O O O O O O O O O O O B-LOC O B-LOC O",
    "He was a member of the Ohio Senate from 1830 to 1832 and was elected as an Anti-Jacksonian to the Twenty-fourth United States Congress , serving from March 4 1835 to March 3 1837 .": "O O O O O O B-LOC O O O O O O O O O O B-MISC O O B-ORG O O O O O O O O O O O O O O",
    "He was not a candidate for renomination , and died near Newark , Ohio in 1844 .": "O O O O O O O O O O O B-LOC O B-LOC O O O",
    "Howell 's son , James Bruen Howell , was a U.S. Senator from Iowa .": "O O O O B-PER I-PER I-PER O O O B-MISC O O B-LOC O",
    "The field exploits horizontal drilling technology by perforating the productive rocks parallel to the beds , rather than through a vertical well perpendicular to the relatively thin Bakken Formation .": "O O O O O O O O O O O O O O O O O O O O O O O O O O O B-ORG I-ORG O",
    "At Elm Coulee Field , the Bakken is only about 45 feet thick and lies at depths of 8,500 to 10,500 feet , but horizontal wells penetrate 3,000 to 5,000 feet of the reservoir rock , a porous dolomite of Devonian age that probably originated as a large carbonate bank on the western flank of the basin .": "O B-ORG I-ORG I-ORG O O B-ORG O O O O O O O O O O O B-ORG O O O O O O O O O O O O O O O O O O O B-ORG O B-MISC O O O O O O O O O O O O O O O O O",
    "The field is a stratigraphic trap .": "O O O O O O O",
    "In 2006 , Elm Coulee was producing about 53,000 barrels of oil per day from more than 350 wells .": "O O O B-PER I-PER O O O O O O O O O O O O O O O",
    "Ultimate production is expected to exceed 270,000,000 barrels , with some estimates as high as 500,000,000 barrels .": "B-MISC O O O O O O O O O O O O O O O O O",
    "Production at Elm Coulee has more than doubled the oil output of the state of Montana .": "O O B-ORG I-ORG O O O O O O O O O O O B-LOC O",
    "Emanuel Bunzel born 1828 , was a nineteenth century Austrian paleontologist .": "B-PER I-PER O O O O O O O B-MISC O O",
    "Emil Touma ( 1919 -1985 ) was one of the Palestinian intellectuals who remained in Israel in 1948 .": "B-PER I-PER O O O O O O O O B-MISC O O O O B-LOC O O O",
    "Touma , like others who remained , such as Emil Habibi and Jabra Nicola , was a communist from the Haifa region .": "B-ORG O O O O O O O O B-PER I-PER O B-PER I-PER O O O O O O B-LOC O O",
    "In 1942 , along with Dr. Haidar Abdel-Shafi , and the late Mukhlis Amer , Emil Habibi and Mufid Nashashibi , Touma was a founder of the Palestinian National Liberation League .": "O O O O O O B-PER I-PER O O O O B-PER I-PER O B-PER I-PER O B-PER I-PER O O O O O O O B-ORG I-ORG I-ORG I-ORG O",
    "The Emil Touma Institute for Palestinian Studies is called after him .": "O B-PER I-PER O O B-MISC I-MISC O O O O O",
    "Ervenik ( Serbian Cyrillic : \u0415\u0440\u0432\u0435\u043d\u0438\u043a ) is a village and municipality in \u0160ibenik-Knin County , Croatia .": "B-ORG O B-MISC B-MISC O B-ORG O O O O O O O B-ORG I-ORG O B-LOC O",
    "There are 998 inhabitants , the majority of the population which are Serbs .": "O O O O O O O O O O O O B-MISC O",
    "Eugenio Calabi ( born 1923 ) is an Italian-American mathematician and professor emeritus at the University of Pennsylvania , specializing in differential geometry , partial differential equations and their applications .": "B-PER I-PER O O O O O O B-MISC O O O O O O B-ORG I-ORG I-ORG O O O O O O O O O O O O O",
    "Professor Calabi was a Putnam Fellow as an undergraduate at MIT in 1946 .": "B-PER I-PER O O B-ORG O O O O O B-LOC O O O",
    "In 1950 he received his Ph.D. from Princeton University , where his advisor was Salomon Bochner .": "O O O O O O O B-LOC O O O O O O B-PER I-PER O",
    "He later obtained a professorship at the University of Minnesota .": "O O O O O O O B-ORG I-ORG I-ORG O",
    "In 1964 , Calabi joined the mathematics faculty at the University of Pennsylvania .": "O O O B-PER O O O O O O B-ORG I-ORG I-ORG O",
    "Following the retirement of the great German-American mathematician Hans Rademacher , he was appointed to the Thomas A .": "O O O O O O B-MISC O B-PER I-PER O O O O O O B-ORG O O",
    "Scott Chair of Mathematics at the University of Pennsylvania in 1967 .": "B-PER O O O O O B-ORG I-ORG I-ORG O O O",
    "He won the Steele Prize from the American Mathematical Society in 1991 for his work in differential geometry .": "O O O B-ORG O O O B-MISC I-MISC O O O O O O O O O O",
    "In 1994 , Professor Calabi assumed emeritus status .": "O O O O B-PER O O O O",
    "His work on the Calabi conjecture for K\u00e4hler metrics led to the development of Calabi-Yau manifolds .": "O O O O B-ORG O O B-ORG O O O O O O B-ORG O O",
    "Express Nakhonphink is a Special Express Train that is operated by the State Railway of Thailand .": "B-MISC B-ORG O O B-MISC I-MISC O O O O O O B-ORG I-ORG I-ORG I-ORG O",
    "The trains designated as Express Nakhonphink are Train No. 1 for Bangkok - Chiang Mai and Train No. 2 for Chiang Mai - Bangkok .": "O O O O B-ORG B-ORG O O O O O B-LOC O B-LOC I-LOC O O O O O B-LOC I-LOC O B-LOC O",
    "These trains offer only 1st and 2nd class saloons , with no 3rd class cars .": "O O O O O O O O O O O O O O O O",
    "The Express Nakhonphink is regarded to be the best train offered by the SRT .": "O B-ORG B-ORG O O O O O O O O O O B-ORG O",
    "Train Number 1 Bangkok - Chiang Mai ( there are the departure times )": "O O O B-LOC O B-LOC I-LOC O O O O O O O",
    "Train Number 2 Chiang Mai - Bangkok": "O O O B-ORG I-ORG O B-LOC",
    "EZ2DJ is a series of music video games created by the South Korean company Amuseworld .": "B-ORG O O O O O O O O O O B-MISC B-MISC O B-ORG O",
    "The basic manner of gameplay is similar as in the Konami 's Beatmania series ; however , as the franchise continues , it differs in style of music and gameplay .": "O O O O O O O O O O B-ORG O B-ORG O O O O O O O O O O O O O O O O O O",
    "The first edition of EZ2DJ was introduced in 1999 and the most recent version , ' 7th TraX - Resistance - Version 1.50 ' was released in December 2007 .": "O O O O B-ORG O O O O O O O O O O O B-ORG I-ORG O B-MISC O O O O O O O O O O",
    "Ez2DJ The 1st TRACKS ( March , 1999 )": "B-ORG O O O O O O O O",
    "Ez2DJ The 1st TRACKS Special Edition ( December , 1999 )": "B-ORG O B-ORG I-ORG O O O O O O O",
    "Ez2DJ Dance Edition Vol.1 ( 2000 ) : Cancelled at Developing rate 80% .": "B-ORG O O O O O O O O O O O O O",
    "Ez2DJ 2nd TraX - It Rules Once Again - ( October , 2000 )": "B-ORG O B-ORG O O O O O O O O O O O",
    "Ez2DJ 3rd TraX - Absolute Pitch - ( September , 2001 )": "B-ORG O B-ORG O B-ORG I-ORG O O O O O O",
    "Ez2DJ 4th TraX - Over Mind - ( August , 2002 )": "B-ORG B-ORG I-ORG O B-ORG I-ORG O O O O O O",
    "Ez2DJ Platinum - Limited Edition - ( August , 2003 )": "B-ORG I-ORG O O O O O O O O O",
    "Ez2DJ 6th TraX - Self Evolution - ( August , 2004 )": "B-ORG B-ORG I-ORG O O O O O O O O O",
    "Ez2DJ 7th TraX - Resistance - ( March , 2007 )": "B-ORG B-ORG I-ORG O O O O O O O O",
    "Ez2DJ 7th TraX - Resistance - Version 1.50 ( December , 2007 )": "B-ORG B-ORG I-ORG O O O O O O O O O O",
    "EZ2DJ cabinet features a total of 10 speakers .": "B-ORG O O O O O O O O",
    "There are four mid-range speakers stacked vertically on either side of the screen , and two subwoofers located on the front of the machine .": "O O O O O O O O O O O O O O O O O O O O O O O O O",
    "The cabinet also features a pair of headphone jacks , so that both players may use their own headphones to enjoy the game 's audio .": "O O O O O O O O O O O O O O O O O O O O O O O O O O",
    "Using headphones does not disable the external speakers .": "O O O O O O O O O",
    "EZ2DJ cabinet features four red effector buttons , located at the top of the controller part .": "B-ORG O O O O O O O O O O O O O O O O",
    "However , unlike the Beatmania series ( including III and IIDX ) , depending on the gamemode , effector button are treated as a gameplay button , especially in the gamemode \" Radio Mix \" , where each player need to control 2 effector buttons .": "O O O O B-ORG O O O B-ORG O B-ORG O O O O O O O O O O O O O O O O O O O O O B-ORG I-ORG O O O O O O O O O O O O",
    "Essentially this is very similar to the 7 key mode of beatmania IIDX , but due to the location of these effector button --- located in a row right at center of the console panel , right underneath the screen and away from the keyboard --- it makes it even more difficult than beatmania IIDX in some occasion ( especially since it also use the pedal ) .": "O O O O O O O O O O O B-ORG I-ORG O O O O O O O O O O O O O O O O O O O O O O O O O O O O O O O O O O O O O O O O B-ORG I-ORG O O O O O O O O O O O O O",
    "Also , another gamemode named \" Space Mix \" uses all four buttons along with all keys and turn tables ( excludes pedals ) , becoming the hardest gamemode in the game .": "O O O O O O B-ORG I-ORG O O O O O O O O O O O O O O O O O O O O O O O O O",
    "The pedal is used in all gameplay and treated as a gameplay button .": "O O O O O O O O O O O O O O",
    "But , in Space Mix , it is used as speed adjustor .": "O O O B-ORG O O O O O O O O O",
    "EZ2DJ 's passing system is known as the \" survival gauge \" ; one needs to keep the gauge above 0% until the end of song to pass , similar to systems used in many dance-simulation games .": "B-ORG O O O O O O O O O O O O O O O O O O O O O O O O O O O O O O O O O O O O O",
    "Written by Erin ( 10/14/07 ) , Edited by AHRISA ( 07/01/08 )": "O O B-PER O O O O O O B-ORG O O O",
    "1 .": "O O",
    "Some old songs ' hard mix is remixed songs ( e.g. Confete , Catch the flow , Ztar warZ , The Rhythm , Envy Mask , and so on ... )": "O O O O O O O O O O O B-ORG O B-MISC O O O B-ORG I-ORG O B-ORG I-ORG O B-ORG I-ORG O O O O O O",
    "2 .": "O O",
    "' Let it go ' , ' Do you remember ?": "O O O O O O O O O O O",
    "' , ' Mystic Dream 9903 ' are just playable remixed version .": "O O O B-ORG I-ORG I-ORG O O O O O O O",
    "3 .": "O O",
    "' Freedom ' is disappeared after 1st Tracks , because sampling sound problem .": "O B-MISC O O O O O O O O O O O O",
    "4 .": "O O",
    "' BOB ' , ' My Honey ' are disappeared after 2nd TraX , and ' For 3 Weeks ' is disappeared after 4th TraX ( Copyright Problem ) .": "O B-ORG O O O B-ORG I-ORG O O O O O B-ORG O O O O O O O O O O O B-ORG O O O O O",
    "Confete is composed by Ruby Tuesday ( < - Carlos , Carlos is singer ) .": "B-ORG O O O B-PER I-PER O O O B-PER O B-PER O O O O",
    "5 .": "O O",
    "Same Composer": "O O",
    "6 .": "O O",
    "Secret of Songs ' Name ( Original name )": "B-MISC I-MISC I-MISC O O O O O O",
    "7 .": "O O",
    "Songs just in OST": "O O O B-ORG",
    "( 1 ) 1st Tracks / 1st SE": "O O O O O O B-ORG I-ORG",
    "( 2 ) 2nd TraX": "O O O O B-ORG",
    "( 3 ) 3rd TraX": "O O O O B-ORG",
    "OST Albums of 4th-7th TraX were not produced .": "O O O B-ORG I-ORG O O O O",
    "On July 10 , 2007 Konami won a patent infringement suit against Amuse World .": "O O O O O B-PER O O O O O O B-ORG I-ORG O",
    "Konami had originally filed a lawsuit against Amuse World in 2001 over the issue , and it has long since believed that they settled out of court due to the continued release of the title .": "B-PER O O O O O O B-ORG I-ORG O O O O O O O O O O O O O O O O O O O O O O O O O O O",
    "A Korean Judge 's ruling has ordered Amuse World to pay Konami damages and stop production of the product completely .": "O B-MISC O O O O O B-ORG I-ORG O O B-ORG O O O O O O O O O",
    "Amuseworld in satisfaction to KONAMI 11.7 Billion won .": "B-ORG O O O B-ORG O O O O",
    "The Fairfax Connector is a public bus service provided by Fairfax County , Virginia , and operated by Veolia Transport under contract .": "O B-LOC O O O O O O O O B-LOC I-LOC O B-LOC O O O O B-ORG I-ORG O O O",
    "The first buses rolled out in September 1985 as a lower-cost alternative to the Metrobus service of the regional Washington Metropolitan Area Transit Authority .": "O O O O O O O O O O O O O O B-ORG O O O O B-LOC I-LOC O O O O",
    "The original routes connected the southern part of the county ( near the Mount Vernon Estate ) to the Huntington Metrorail Station which borders Alexandria .": "O O O O O O O O O O O O O B-LOC I-LOC O O O O B-LOC O O O O B-LOC O",
    "This area continues to be the core of the system , and is noted for the number of residents in the Richmond Highway area who use the service at all times of the day .": "O O O O O O O O O O O O O O O O O O O O O B-LOC I-LOC O O O O O O O O O O O O",
    "The Fairfax Connector , or simply \" The Connector \" , has since expanded to 50-odd routes spanning much of the county .": "O B-LOC O O O O O B-ORG I-ORG O O O O O O O O O O O O B-LOC O",
    "In 1994 , the service was extended to the high-technology industrial areas of suburban Reston and Herndon , located between Washington , D.C. and Washington Dulles International Airport .": "O O O O O O O O O O O O O B-LOC B-LOC O B-LOC O O O B-LOC O B-LOC O B-LOC I-LOC O O O",
    "Along State Route 267 ( the Dulles Toll Road ) , express buses carry commuters from free park-and-ride lots to the Washington Metro system .": "O B-MISC I-MISC I-MISC O O B-LOC O O O O O O O O O O O O O O B-LOC O O O",
    "Fares are paid in cash ( exact change ) , paper bus transfer , or a Metrobus weekly unlimited bus \" flash \" pass .": "O O O O O O O O O O O O O O O O B-ORG O O O O O O O O",
    "Fairfax Connector deployed SmarTrip readers on its buses in May 2007 , extending the use of this Washington Metro fare-payment system to Fairfax County .": "B-LOC O O B-ORG O O O O O O O O O O O O O B-LOC I-LOC O O O B-LOC I-LOC O",
    "Base fare is usually $1 , but can be as much as $3 for express routes .": "O O O O O O O O O O O O O O O O O",
    "With a Metrorail transfer , fares are discounted to $0.35 exact change from $1 fares , and $2.10 exact change for $3 fares .": "O O B-ORG O O O O O O O O O O O O O O O O O O O O O",
    "Senior citizens receive discounted fares ( either $0.50 or $1.00 ) on all buses , or free fare with a Metrorail transfer .": "B-MISC O O O O O O O O O O O O O O O O O O O B-ORG O O",
    "Children under age 5 and the disabled ride free on all routes .": "O O O O O O O O O O O O O",
    "The following are the line numbers and names that make up the Fairfax Connector bus system .": "O O O O O O O O O O O O B-LOC O O O O",
    "Fairmont State University is a public university located in Fairmont , West Virginia ( population 19,097 ) .": "B-ORG I-ORG I-ORG O O O O O O B-LOC O B-LOC I-LOC O O O O O",
    "Fairmont State was founded in 1865 as West Virginia Normal School at Fairmont and was dedicated to educating teachers .": "B-ORG I-ORG O O O O O B-LOC I-LOC O O O B-LOC O O O O O O O",
    "It was purchased by the state and became Fairmont State Normal School in 1867 .": "O O O O O O O O B-ORG I-ORG I-ORG I-ORG O O O",
    "It was renamed Fairmont State Teachers College in 1931 and Fairmont State College in 1943 .": "O O O B-ORG I-ORG I-ORG I-ORG O O O B-ORG I-ORG I-ORG O O O",
    "In 1974 , a community college component was founded .": "O O O O O O O O O O",
    "This became independently accredited as the Fairmont State Community and Technical College in 2003 and was merged into the university in 2006 and was renamed Pierpont Community & Technical College .": "O O O O O O B-ORG I-ORG I-ORG I-ORG I-ORG I-ORG O O O O O O O O O O O O O B-ORG I-ORG I-ORG I-ORG I-ORG O",
    "On April 7 , 2004 , Governor Bob Wise signed legislation allowing Fairmont State College to change its name to Fairmont State University .": "O O O O O O O B-PER I-PER O O O B-ORG I-ORG I-ORG O O O O O B-ORG I-ORG I-ORG O",
    "Enrollment of the university is about 7,700 .": "O O O O O O O O",
    "FSU offers masters degrees in business , education , teaching , criminal justice and nursing in addition to 90 baccalaureate and 50 associate degrees .": "B-ORG O O O O O O O O O O O O O O O O O O O O O O O O",
    "FSU has added a major in Intelligence Research & Analysis within the past few years .": "B-ORG O O O O O B-MISC O O O O O O O O O",
    "This major has been gaining recognition for FSU and attracting the attention of the Intelligence Community .": "O O O O O O O B-ORG O O O O O O B-ORG O O",
    "The Robert C. Byrd National Aerospace Education Center located in nearby Bridgeport , West Virginia , offers multiple programs in aviation .": "O B-PER I-PER I-PER B-MISC I-MISC I-MISC O O O O B-LOC O B-LOC I-LOC O O O O O O O",
    "Fairmont State 's athletic teams , known as the Falcons , compete in the West Virginia Intercollegiate Athletic Conference in NCAA Division II .": "B-ORG I-ORG O O O O O O O B-ORG O O O O B-LOC I-LOC O O O O B-ORG B-ORG I-ORG O",
    "A list of works by Justin Broadrick .": "O O O O O B-PER I-PER O",
    "Oleg Mikhaylovich Gazmanov is a Russian singer .": "B-PER I-PER I-PER O O B-MISC O O"
}